0,1,0,./data/Dataset/1/guizao_2019_05_C85 (4).jpeg
1,1,0,./data/Dataset/1/guizao_2019_03_C79 (88).jpeg
2,1,0,./data/Dataset/1/guizao_2019_03_C79 (10).jpeg
3,5,0,./data/Dataset/5/manco14-copia-de-out3463.jpeg
4,6,0,./data/Dataset/6/lambida11-copia-de-out16937.jpeg
5,5,0,./data/Dataset/5/manco10-copia-de-out2856.jpeg
6,6,0,./data/Dataset/6/lambida10-copia-de-out37.jpeg
7,2,0,./data/Dataset/2/j6-mom_2018-09-28 (33).jpeg
8,0,0,./data/Dataset/0/bolota_2017_04_C32 (12).jpeg
9,5,0,./data/Dataset/5/manco10-copia-de-out2847.jpeg
10,5,0,./data/Dataset/5/manco10-copia-de-out2840.jpeg
11,1,0,./data/Dataset/1/guizao_2019_05_C87 (14).jpeg
12,2,0,./data/Dataset/2/j6-mom_2020-04-03 (1).jpeg
13,5,0,./data/Dataset/5/manco14-copia-de-out3468.jpeg
14,5,0,./data/Dataset/5/manco14-copia-de-out3451.jpeg
15,3,0,./data/Dataset/3/paola_2021-04-01 (3).jpeg
16,5,0,./data/Dataset/5/manco10-copia-de-out2850.jpeg
17,2,0,./data/Dataset/2/j6-mom_2018-09-28 (40).jpeg
18,5,0,./data/Dataset/5/manco11-copia-de-out3106.jpeg
19,5,0,./data/Dataset/5/manco1-copia-de-out6.jpeg
20,2,0,./data/Dataset/2/j6-mom_2018-09-28 (1).jpeg
21,5,0,./data/Dataset/5/manco10-copia-de-out2842.jpeg
22,5,0,./data/Dataset/5/manco13-copia-de-out2379.jpeg
23,5,0,./data/Dataset/5/manco10-copia-de-out2841.jpeg
24,2,0,./data/Dataset/2/j6-mom_2021-04-03 (8).jpeg
25,6,0,./data/Dataset/6/lambida7-copia-de-out3924.jpeg
26,6,0,./data/Dataset/6/lambida9-copia-de-out5.jpeg
27,6,0,./data/Dataset/6/lambida11-copia-de-out16932.jpeg
28,2,0,./data/Dataset/2/j6-mom_2021-04-03 (4).jpeg
29,5,0,./data/Dataset/5/manco8-copia-de-out2376.jpeg
30,1,0,./data/Dataset/1/guizao_2019_03_C79 (100).jpeg
31,6,0,./data/Dataset/6/lambida11-copia-de-out16961.jpeg
32,0,0,./data/Dataset/0/bolota_2017_04_C32 (16).jpeg
33,1,0,./data/Dataset/1/guizao_2019_03_C79 (94).jpeg
34,6,0,./data/Dataset/6/lambida8-copia-de-out4036.jpeg
35,6,0,./data/Dataset/6/lambida11-copia-de-out16949.jpeg
36,0,0,./data/Dataset/0/bolota_2017_06_C33 (6).jpeg
37,2,0,./data/Dataset/2/j6-mom_2018-09-28 (23).jpeg
38,5,0,./data/Dataset/5/manco14-copia-de-out3437.jpeg
39,5,0,./data/Dataset/5/manco14-copia-de-out3452.jpeg
40,5,0,./data/Dataset/5/manco10-copia-de-out2862.jpeg
41,5,0,./data/Dataset/5/manco6-copia-de-out1086.jpeg
42,5,0,./data/Dataset/5/manco11-copia-de-out3098.jpeg
43,6,0,./data/Dataset/6/lambida11-copia-de-out16931.jpeg
44,6,0,./data/Dataset/6/lambida8-copia-de-out4032.jpeg
45,5,0,./data/Dataset/5/manco11-copia-de-out3095.jpeg
46,1,0,./data/Dataset/1/guizao_2019_05_C87 (8).jpeg
47,0,0,./data/Dataset/0/bolota_2017_04_C32 (8).jpeg
48,1,0,./data/Dataset/1/guizao_2019_03_C79 (122).jpeg
49,6,0,./data/Dataset/6/lambida7-copia-de-out3936.jpeg
50,4,0,./data/Dataset/4/pcmom2_2022-07-06 (8).jpeg
51,5,0,./data/Dataset/5/manco7-copia-de-out2343.jpeg
52,2,0,./data/Dataset/2/j6-mom_2018-09-28 (5).jpeg
53,2,0,./data/Dataset/2/j6-mom_2018-09-28 (35).jpeg
54,4,0,./data/Dataset/4/pcmom2_2021-08-26 (1).jpeg
55,3,0,./data/Dataset/3/paola_2021-04-01 (7).jpeg
56,4,0,./data/Dataset/4/pcmom2_2022-03-30 (1).jpeg
57,1,0,./data/Dataset/1/guizao_2019_03_C79 (92).jpeg
58,6,0,./data/Dataset/6/lambida14-copia-de-out224.jpeg
59,6,0,./data/Dataset/6/lambida3-copia-de-out1281.jpeg
60,5,0,./data/Dataset/5/manco7-copia-de-out2345.jpeg
61,5,0,./data/Dataset/5/manco5-copia-de-out1093.jpeg
62,2,0,./data/Dataset/2/j6-mom_2020-09-11 P 1445 1oFSEDEA (1).jpeg
63,3,0,./data/Dataset/3/paola_2021-02-20 (2).jpeg
64,6,0,./data/Dataset/6/lambida13-copia-de-out105.jpeg
65,6,0,./data/Dataset/6/lambida2-copia-de-out1271.jpeg
66,5,0,./data/Dataset/5/manco8-copia-de-out2381.jpeg
67,0,0,./data/Dataset/0/bolota_2017_04_C32 (18).jpeg
68,6,0,./data/Dataset/6/lambida8-copia-de-out4018.jpeg
69,5,0,./data/Dataset/5/manco13-copia-de-out2378.jpeg
70,6,0,./data/Dataset/6/lambida12-copia-de-out78.jpeg
71,4,0,./data/Dataset/4/pcmom2_2022-03-30 (2).jpeg
72,1,0,./data/Dataset/1/guizao_2019_03_C79 (128).jpeg
73,4,0,./data/Dataset/4/pcmom2_2022-03-30 (7).jpeg
74,4,0,./data/Dataset/4/pcmom2_2022-07-06 (11).jpeg
75,5,0,./data/Dataset/5/manco14-copia-de-out3458.jpeg
76,6,0,./data/Dataset/6/lambida7-copia-de-out3928.jpeg
77,0,0,./data/Dataset/0/bolota_2017_06_C33 (8).jpeg
78,5,0,./data/Dataset/5/manco14-copia-de-out3442.jpeg
79,3,0,./data/Dataset/3/paola_2021-04-01 (10).jpeg
80,1,0,./data/Dataset/1/guizao_2019_05_C85 (3).jpeg
81,6,0,./data/Dataset/6/lambida13-copia-de-out111.jpeg
82,2,0,./data/Dataset/2/j6-mom_2018-09-28 (8).jpeg
83,4,0,./data/Dataset/4/pcmom2_2022-09-12 (1).jpeg
84,4,0,./data/Dataset/4/pcmom2_2021-08-26 (6).jpeg
85,5,0,./data/Dataset/5/manco11-copia-de-out3102.jpeg
86,6,0,./data/Dataset/6/lambida11-copia-de-out16935.jpeg
87,0,0,./data/Dataset/0/bolota_2017_04_C31 (4).jpeg
88,6,0,./data/Dataset/6/lambida11-copia-de-out16922.jpeg
89,2,0,./data/Dataset/2/j6-mom_2021-04-03 (7).jpeg
90,6,0,./data/Dataset/6/lambida8-copia-de-out4035.jpeg
91,5,0,./data/Dataset/5/manco5-copia-de-out1096.jpeg
92,6,0,./data/Dataset/6/lambida4-copia-de-out1326.jpeg
93,6,0,./data/Dataset/6/lambida3-copia-de-out1283.jpeg
94,6,0,./data/Dataset/6/lambida11-copia-de-out16947.jpeg
95,6,0,./data/Dataset/6/lambida7-copia-de-out3930.jpeg
96,4,0,./data/Dataset/4/pcmom2_2022-03-30 (5).jpeg
97,6,0,./data/Dataset/6/lambida11-copia-de-out16952.jpeg
98,4,0,./data/Dataset/4/pcmom2_2022-09-12 (14).jpeg
99,5,0,./data/Dataset/5/manco14-copia-de-out3465.jpeg
100,5,0,./data/Dataset/5/manco14-copia-de-out3446.jpeg
101,6,0,./data/Dataset/6/lambida11-copia-de-out16919.jpeg
102,1,0,./data/Dataset/1/guizao_2019_03_C79 (112).jpeg
103,6,0,./data/Dataset/6/lambida11-copia-de-out16957.jpeg
104,6,0,./data/Dataset/6/lambida14-copia-de-out222.jpeg
105,6,0,./data/Dataset/6/lambida11-copia-de-out16901.jpeg
106,4,0,./data/Dataset/4/pcmom2_2021-08-26 (8).jpeg
107,4,0,./data/Dataset/4/pcmom2_2022-07-06 (5).jpeg
108,5,0,./data/Dataset/5/manco2-copia-de-out13.jpeg
109,5,0,./data/Dataset/5/manco10-copia-de-out2838.jpeg
110,6,0,./data/Dataset/6/lambida11-copia-de-out16900.jpeg
111,6,0,./data/Dataset/6/lambida13-copia-de-out120.jpeg
112,4,0,./data/Dataset/4/pcmom2_2022-03-30 (3).jpeg
113,6,0,./data/Dataset/6/lambida11-copia-de-out16972.jpeg
114,2,0,./data/Dataset/2/j6-mom_2018-09-28 (28).jpeg
115,6,0,./data/Dataset/6/lambida11-copia-de-out16944.jpeg
116,0,0,./data/Dataset/0/bolota_2017_04_C32 (14).jpeg
117,2,0,./data/Dataset/2/j6-mom_2018-09-28 (21).jpeg
118,6,0,./data/Dataset/6/lambida12-copia-de-out86.jpeg
119,2,0,./data/Dataset/2/j6-mom_2018-09-28 (39).jpeg
120,6,0,./data/Dataset/6/lambida4-copia-de-out1328.jpeg
121,6,0,./data/Dataset/6/lambida5-copia-de-out2268.jpeg
122,6,0,./data/Dataset/6/lambida1-copia-de-out1267.jpeg
123,5,0,./data/Dataset/5/manco5-copia-de-out1103.jpeg
124,5,0,./data/Dataset/5/manco7-copia-de-out2350.jpeg
125,6,0,./data/Dataset/6/lambida11-copia-de-out16902(1).jpeg
126,6,0,./data/Dataset/6/lambida11-copia-de-out16976.jpeg
127,5,0,./data/Dataset/5/manco9-copia-de-out2449.jpeg
128,6,0,./data/Dataset/6/lambida11-copia-de-out16929.jpeg
129,6,0,./data/Dataset/6/lambida3-copia-de-out1278.jpeg
130,1,0,./data/Dataset/1/guizao_2019_03_C79 (60).jpeg
131,6,0,./data/Dataset/6/lambida11-copia-de-out16909.jpeg
132,5,0,./data/Dataset/5/manco14-copia-de-out3471.jpeg
133,6,0,./data/Dataset/6/lambida3-copia-de-out1285.jpeg
134,5,0,./data/Dataset/5/manco14-copia-de-out3467.jpeg
135,1,0,./data/Dataset/1/guizao_2019_03_C79 (56).jpeg
136,6,0,./data/Dataset/6/lambida13-copia-de-out102.jpeg
137,4,0,./data/Dataset/4/pcmom2_2021-08-26 (4).jpeg
138,6,0,./data/Dataset/6/lambida11-copia-de-out16939.jpeg
139,6,0,./data/Dataset/6/lambida7-copia-de-out3939.jpeg
140,4,0,./data/Dataset/4/pcmom2_2022-09-12 (8).jpeg
141,6,0,./data/Dataset/6/lambida11-copia-de-out16977.jpeg
142,2,0,./data/Dataset/2/j6-mom_2018-09-28 (7).jpeg
143,5,0,./data/Dataset/5/manco13-copia-de-out2382.jpeg
144,4,0,./data/Dataset/4/pcmom2_2021-08-26 (11).jpeg
145,1,0,./data/Dataset/1/guizao_2019_03_C79 (20).jpeg
146,1,0,./data/Dataset/1/guizao_2019_05_C87 (21).jpeg
147,5,0,./data/Dataset/5/manco14-copia-de-out3468(1).jpeg
148,6,0,./data/Dataset/6/lambida11-copia-de-out16951.jpeg
149,5,0,./data/Dataset/5/manco1-copia-de-out4.jpeg
150,1,0,./data/Dataset/1/guizao_2019_05_C87 (2).jpeg
151,5,0,./data/Dataset/5/manco7-copia-de-out2346.jpeg
152,1,0,./data/Dataset/1/guizao_2019_03_C79 (32).jpeg
153,2,0,./data/Dataset/2/j6-mom_2020-04-03 (4).jpeg
154,2,0,./data/Dataset/2/j6-mom_2018-09-28 (6).jpeg
155,5,0,./data/Dataset/5/manco10-copia-de-out2836.jpeg
156,6,0,./data/Dataset/6/lambida8-copia-de-out4026.jpeg
157,6,0,./data/Dataset/6/lambida13-copia-de-out114.jpeg
158,5,0,./data/Dataset/5/manco9-copia-de-out2441.jpeg
159,5,0,./data/Dataset/5/manco14-copia-de-out3444.jpeg
160,6,0,./data/Dataset/6/lambida11-copia-de-out16911.jpeg
161,3,0,./data/Dataset/3/paola_2021-04-01 (4).jpeg
162,5,0,./data/Dataset/5/manco13-copia-de-out2380.jpeg
163,5,0,./data/Dataset/5/manco14-copia-de-out3445.jpeg
164,5,0,./data/Dataset/5/manco14-copia-de-out3464.jpeg
165,0,0,./data/Dataset/0/bolota_2017_04_C32 (1).jpeg
166,4,0,./data/Dataset/4/pcmom2_2022-07-06 (2).jpeg
167,3,0,./data/Dataset/3/paola_2021-04-01 (11).jpeg
168,5,0,./data/Dataset/5/manco14-copia-de-out3454.jpeg
169,5,0,./data/Dataset/5/manco5-copia-de-out1098.jpeg
170,1,0,./data/Dataset/1/guizao_2019_03_C79 (44).jpeg
171,6,0,./data/Dataset/6/lambida11-copia-de-out16942.jpeg
172,6,0,./data/Dataset/6/lambida8-copia-de-out4043.jpeg
173,6,0,./data/Dataset/6/lambida11-copia-de-out16902.jpeg
174,5,0,./data/Dataset/5/manco6-copia-de-out1087.jpeg
175,0,0,./data/Dataset/0/bolota_2017_06_C33 (2).jpeg
176,5,0,./data/Dataset/5/manco14-copia-de-out3439.jpeg
177,5,0,./data/Dataset/5/manco13-copia-de-out2377.jpeg
178,4,0,./data/Dataset/4/pcmom2_2022-09-12 (15).jpeg
179,4,0,./data/Dataset/4/pcmom2_2022-07-06 (6).jpeg
180,6,0,./data/Dataset/6/lambida11-copia-de-out16969.jpeg
181,2,0,./data/Dataset/2/j6-mom_2018-09-28 (24).jpeg
182,5,0,./data/Dataset/5/manco11-copia-de-out3105.jpeg
183,6,0,./data/Dataset/6/lambida2-copia-de-out1273.jpeg
184,6,0,./data/Dataset/6/lambida11-copia-de-out16928.jpeg
185,2,0,./data/Dataset/2/j6-mom_2018-09-28 (27).jpeg
186,6,0,./data/Dataset/6/lambida14-copia-de-out228.jpeg
187,6,0,./data/Dataset/6/lambida5-copia-de-out2265.jpeg
188,6,0,./data/Dataset/6/lambida4-copia-de-out1329.jpeg
189,2,0,./data/Dataset/2/j6-mom_2018-09-28 (34).jpeg
190,3,0,./data/Dataset/3/paola_2021-02-20 (3).jpeg
191,6,0,./data/Dataset/6/lambida7-copia-de-out3923.jpeg
192,5,0,./data/Dataset/5/manco2-copia-de-out17.jpeg
193,5,0,./data/Dataset/5/manco14-copia-de-out3431.jpeg
194,6,0,./data/Dataset/6/lambida11-copia-de-out16904.jpeg
195,6,0,./data/Dataset/6/lambida13-copia-de-out118.jpeg
196,6,0,./data/Dataset/6/lambida9-copia-de-out8.jpeg
197,1,0,./data/Dataset/1/guizao_2019_03_C79 (6).jpeg
198,1,0,./data/Dataset/1/guizao_2019_03_C79 (64).jpeg
199,5,0,./data/Dataset/5/manco9-copia-de-out2442.jpeg
200,5,0,./data/Dataset/5/manco7-copia-de-out2344.jpeg
201,6,0,./data/Dataset/6/lambida13-copia-de-out101.jpeg
202,5,0,./data/Dataset/5/manco14-copia-de-out3428.jpeg
203,6,0,./data/Dataset/6/lambida11-copia-de-out16918.jpeg
204,6,0,./data/Dataset/6/lambida11-copia-de-out16966.jpeg
205,6,0,./data/Dataset/6/lambida7-copia-de-out3921.jpeg
206,4,0,./data/Dataset/4/pcmom2_2022-09-12 (7).jpeg
207,5,0,./data/Dataset/5/manco14-copia-de-out3455.jpeg
208,6,0,./data/Dataset/6/lambida11-copia-de-out16980.jpeg
209,5,0,./data/Dataset/5/manco14-copia-de-out3469.jpeg
210,6,0,./data/Dataset/6/lambida7-copia-de-out3942.jpeg
211,6,0,./data/Dataset/6/lambida8-copia-de-out4030.jpeg
212,5,0,./data/Dataset/5/manco5-copia-de-out1094.jpeg
213,6,0,./data/Dataset/6/lambida11-copia-de-out16912.jpeg
214,6,0,./data/Dataset/6/lambida8-copia-de-out4020.jpeg
215,0,0,./data/Dataset/0/bolota_2017_06_C33 (9).jpeg
216,6,0,./data/Dataset/6/lambida8-copia-de-out4033.jpeg
217,1,0,./data/Dataset/1/guizao_2019_05_C87 (17).jpeg
218,5,0,./data/Dataset/5/manco14-copia-de-out3466(1).jpeg
219,6,0,./data/Dataset/6/lambida14-copia-de-out220.jpeg
220,6,0,./data/Dataset/6/lambida4-copia-de-out1323.jpeg
221,0,0,./data/Dataset/0/bolota_2017_04_C32 (10).jpeg
222,6,0,./data/Dataset/6/lambida12-copia-de-out82.jpeg
223,0,0,./data/Dataset/0/bolota_2017_04_C31 (7).jpeg
224,1,0,./data/Dataset/1/guizao_2019_03_C79 (24).jpeg
225,0,0,./data/Dataset/0/bolota_2017_04_C31 (6).jpeg
226,6,0,./data/Dataset/6/lambida8-copia-de-out4027.jpeg
227,5,0,./data/Dataset/5/manco10-copia-de-out2835.jpeg
228,2,0,./data/Dataset/2/j6-mom_2018-09-28 (17).jpeg
229,6,0,./data/Dataset/6/lambida11-copia-de-out16903.jpeg
230,2,0,./data/Dataset/2/j6-mom_2018-09-28 (13).jpeg
231,1,0,./data/Dataset/1/guizao_2019_03_C79 (48).jpeg
232,6,0,./data/Dataset/6/lambida11-copia-de-out16927.jpeg
233,5,0,./data/Dataset/5/manco14-copia-de-out3429.jpeg
234,6,0,./data/Dataset/6/lambida5-copia-de-out2264.jpeg
235,6,0,./data/Dataset/6/lambida13-copia-de-out121.jpeg
236,5,0,./data/Dataset/5/manco13-copia-de-out2384.jpeg
237,6,0,./data/Dataset/6/lambida8-copia-de-out4019.jpeg
238,2,0,./data/Dataset/2/j6-mom_2018-09-28 (16).jpeg
239,6,0,./data/Dataset/6/lambida14-copia-de-out223.jpeg
240,1,0,./data/Dataset/1/guizao_2019_03_C79 (12).jpeg
241,5,0,./data/Dataset/5/manco14-copia-de-out3433.jpeg
242,6,0,./data/Dataset/6/lambida11-copia-de-out16899.jpeg
243,1,0,./data/Dataset/1/guizao_2019_03_C79 (102).jpeg
244,6,0,./data/Dataset/6/lambida11-copia-de-out16958.jpeg
245,6,0,./data/Dataset/6/lambida6-copia-de-out2292.jpeg
246,1,0,./data/Dataset/1/guizao_2019_03_C79 (22).jpeg
247,6,0,./data/Dataset/6/lambida7-copia-de-out3932.jpeg
248,6,0,./data/Dataset/6/lambida11-copia-de-out16973.jpeg
249,0,0,./data/Dataset/0/bolota_2017_04_C31 (3).jpeg
250,6,0,./data/Dataset/6/lambida11-copia-de-out16924.jpeg
251,5,0,./data/Dataset/5/manco10-copia-de-out2844.jpeg
252,3,0,./data/Dataset/3/paola_2021-04-03 (9).jpeg
253,5,0,./data/Dataset/5/manco10-copia-de-out2852.jpeg
254,5,0,./data/Dataset/5/manco5-copia-de-out1092.jpeg
255,5,0,./data/Dataset/5/manco5-copia-de-out1102.jpeg
256,6,0,./data/Dataset/6/lambida13-copia-de-out106.jpeg
257,6,0,./data/Dataset/6/lambida3-copia-de-out1282.jpeg
258,4,0,./data/Dataset/4/pcmom2_2021-08-26 (7).jpeg
259,5,0,./data/Dataset/5/manco5-copia-de-out1095.jpeg
260,0,0,./data/Dataset/0/bolota_2017_04_C32 (21).jpeg
261,0,0,./data/Dataset/0/bolota_2017_04_C32 (6).jpeg
262,4,0,./data/Dataset/4/pcmom2_2022-09-12 (13).jpeg
263,1,0,./data/Dataset/1/guizao_2019_03_C79 (46).jpeg
264,1,0,./data/Dataset/1/guizao_2019_05_C87 (16).jpeg
265,6,0,./data/Dataset/6/lambida10-copia-de-out38.jpeg
266,4,0,./data/Dataset/4/pcmom2_2022-03-30 (11).jpeg
267,1,0,./data/Dataset/1/guizao_2019_03_C79 (126).jpeg
268,4,0,./data/Dataset/4/pcmom2_2021-08-26 (9).jpeg
269,6,0,./data/Dataset/6/lambida11-copia-de-out16908.jpeg
270,6,0,./data/Dataset/6/lambida4-copia-de-out1327.jpeg
271,6,0,./data/Dataset/6/lambida11-copia-de-out16971.jpeg
272,6,0,./data/Dataset/6/lambida8-copia-de-out4025.jpeg
273,5,0,./data/Dataset/5/manco14-copia-de-out3432.jpeg
274,1,0,./data/Dataset/1/guizao_2019_03_C79 (82).jpeg
275,6,0,./data/Dataset/6/lambida5-copia-de-out2266.jpeg
276,1,0,./data/Dataset/1/guizao_2019_03_C79 (76).jpeg
277,0,0,./data/Dataset/0/bolota_2017_06_C33 (7).jpeg
278,5,0,./data/Dataset/5/manco10-copia-de-out2845.jpeg
279,6,0,./data/Dataset/6/lambida11-copia-de-out16965.jpeg
280,3,0,./data/Dataset/3/paola_2021-04-03 (6).jpeg
281,4,0,./data/Dataset/4/pcmom2_2022-07-06 (10).jpeg
282,5,0,./data/Dataset/5/manco14-copia-de-out3449.jpeg
283,5,0,./data/Dataset/5/manco7-copia-de-out2341.jpeg
284,1,0,./data/Dataset/1/guizao_2019_03_C79 (1).jpeg
285,4,0,./data/Dataset/4/pcmom2_2021-08-26 (5).jpeg
286,5,0,./data/Dataset/5/manco11-copia-de-out3096.jpeg
287,1,0,./data/Dataset/1/guizao_2019_05_C87 (9).jpeg
288,5,0,./data/Dataset/5/manco11-copia-de-out3101.jpeg
289,1,0,./data/Dataset/1/guizao_2019_05_C87 (4).jpeg
290,6,0,./data/Dataset/6/lambida11-copia-de-out16934.jpeg
291,5,0,./data/Dataset/5/manco10-copia-de-out2846.jpeg
292,1,0,./data/Dataset/1/guizao_2019_03_C79 (80).jpeg
293,3,0,./data/Dataset/3/paola_2021-02-20 (6).jpeg
294,5,0,./data/Dataset/5/manco13-copia-de-out2383.jpeg
295,6,0,./data/Dataset/6/lambida8-copia-de-out4034.jpeg
296,1,0,./data/Dataset/1/guizao_2019_03_C79 (138).jpeg
297,5,0,./data/Dataset/5/manco2-copia-de-out15.jpeg
298,6,0,./data/Dataset/6/lambida7-copia-de-out3934.jpeg
299,1,0,./data/Dataset/1/guizao_2019_03_C79 (58).jpeg
300,5,0,./data/Dataset/5/manco10-copia-de-out2851.jpeg
301,2,0,./data/Dataset/2/j6-mom_2020-04-03 (3).jpeg
302,5,0,./data/Dataset/5/manco7-copia-de-out2348.jpeg
303,5,0,./data/Dataset/5/manco2-copia-de-out16.jpeg
304,4,0,./data/Dataset/4/pcmom2_2022-03-30 (4).jpeg
305,2,0,./data/Dataset/2/j6-mom_2018-09-28 (20).jpeg
306,0,0,./data/Dataset/0/bolota_2017_04_C31 (5).jpeg
307,1,0,./data/Dataset/1/guizao_2019_05_C87 (1).jpeg
308,4,0,./data/Dataset/4/pcmom2_2022-09-12 (4).jpeg
309,1,0,./data/Dataset/1/guizao_2019_05_C87 (22).jpeg
310,5,0,./data/Dataset/5/manco10-copia-de-out2834.jpeg
311,6,0,./data/Dataset/6/lambida9-copia-de-out9.jpeg
312,6,0,./data/Dataset/6/lambida11-copia-de-out16921.jpeg
313,6,0,./data/Dataset/6/lambida9-copia-de-out2.jpeg
314,5,0,./data/Dataset/5/manco6-copia-de-out1085.jpeg
315,0,0,./data/Dataset/0/bolota_2017_06_C33 (3).jpeg
316,6,0,./data/Dataset/6/lambida11-copia-de-out16905.jpeg
317,2,0,./data/Dataset/2/j6-mom_2018-09-28 (31).jpeg
318,5,0,./data/Dataset/5/manco14-copia-de-out3470.jpeg
319,5,0,./data/Dataset/5/manco10-copia-de-out2858.jpeg
320,5,0,./data/Dataset/5/manco14-copia-de-out3469(1).jpeg
321,6,0,./data/Dataset/6/lambida9-copia-de-out6.jpeg
322,5,0,./data/Dataset/5/manco13-copia-de-out2389.jpeg
323,6,0,./data/Dataset/6/lambida7-copia-de-out3922.jpeg
324,0,0,./data/Dataset/0/bolota_2017_04_C32 (9).jpeg
325,6,0,./data/Dataset/6/lambida11-copia-de-out16940.jpeg
326,4,0,./data/Dataset/4/pcmom2_2022-03-30 (14).jpeg
327,5,0,./data/Dataset/5/manco14-copia-de-out3470(1).jpeg
328,1,0,./data/Dataset/1/guizao_2019_03_C79 (36).jpeg
329,0,0,./data/Dataset/0/bolota_2017_04_C31 (8).jpeg
330,6,0,./data/Dataset/6/lambida13-copia-de-out110.jpeg
331,6,0,./data/Dataset/6/lambida11-copia-de-out16941.jpeg
332,6,0,./data/Dataset/6/lambida7-copia-de-out3933.jpeg
333,6,0,./data/Dataset/6/lambida11-copia-de-out16962.jpeg
334,1,0,./data/Dataset/1/guizao_2019_03_C79 (26).jpeg
335,5,0,./data/Dataset/5/manco11-copia-de-out3093.jpeg
336,6,0,./data/Dataset/6/lambida7-copia-de-out3927.jpeg
337,4,0,./data/Dataset/4/pcmom2_2022-03-30 (15).jpeg
338,1,0,./data/Dataset/1/guizao_2019_05_C87 (18).jpeg
339,6,0,./data/Dataset/6/lambida13-copia-de-out109.jpeg
340,6,0,./data/Dataset/6/lambida14-copia-de-out229.jpeg
341,2,0,./data/Dataset/2/j6-mom_2018-09-28 (15).jpeg
342,5,0,./data/Dataset/5/manco8-copia-de-out2375.jpeg
343,1,0,./data/Dataset/1/guizao_2019_03_C79 (16).jpeg
344,2,0,./data/Dataset/2/j6-mom_2018-09-28 (29).jpeg
345,6,0,./data/Dataset/6/lambida2-copia-de-out1272.jpeg
346,5,0,./data/Dataset/5/manco14-copia-de-out3440.jpeg
347,0,0,./data/Dataset/0/bolota_2017_04_C32 (20).jpeg
348,6,0,./data/Dataset/6/lambida11-copia-de-out16955.jpeg
349,6,0,./data/Dataset/6/lambida11-copia-de-out16915.jpeg
350,6,0,./data/Dataset/6/lambida11-copia-de-out16938.jpeg
351,5,0,./data/Dataset/5/manco11-copia-de-out3107.jpeg
352,6,0,./data/Dataset/6/lambida11-copia-de-out16978.jpeg
353,0,0,./data/Dataset/0/bolota_2017_04_C32 (19).jpeg
354,2,0,./data/Dataset/2/j6-mom_2018-09-28 (2).jpeg
355,6,0,./data/Dataset/6/lambida11-copia-de-out16916.jpeg
356,5,0,./data/Dataset/5/manco10-copia-de-out2855.jpeg
357,5,0,./data/Dataset/5/manco10-copia-de-out2837.jpeg
358,2,0,./data/Dataset/2/j6-mom_2018-09-28 (9).jpeg
359,6,0,./data/Dataset/6/lambida8-copia-de-out4040.jpeg
360,1,0,./data/Dataset/1/guizao_2019_03_C79 (72).jpeg
361,5,0,./data/Dataset/5/manco14-copia-de-out3462.jpeg
362,1,0,./data/Dataset/1/guizao_2019_05_C87 (12).jpeg
363,5,0,./data/Dataset/5/manco5-copia-de-out1097.jpeg
364,6,0,./data/Dataset/6/lambida3-copia-de-out1279.jpeg
365,5,0,./data/Dataset/5/manco14-copia-de-out3448.jpeg
366,3,0,./data/Dataset/3/paola_2021-04-03 (11).jpeg
367,6,0,./data/Dataset/6/lambida8-copia-de-out4046.jpeg
368,6,0,./data/Dataset/6/lambida13-copia-de-out116.jpeg
369,6,0,./data/Dataset/6/lambida8-copia-de-out4031.jpeg
370,6,0,./data/Dataset/6/lambida8-copia-de-out4024.jpeg
371,3,0,./data/Dataset/3/paola_2021-04-03 (8).jpeg
372,3,0,./data/Dataset/3/paola_2021-04-03 (10).jpeg
373,3,0,./data/Dataset/3/paola_2021-04-01 (6).jpeg
374,4,0,./data/Dataset/4/pcmom2_2022-09-12 (5).jpeg
375,5,0,./data/Dataset/5/manco3-copia-de-out161.jpeg
376,5,0,./data/Dataset/5/manco3-copia-de-out162.jpeg
377,6,0,./data/Dataset/6/lambida11-copia-de-out16925.jpeg
378,1,0,./data/Dataset/1/guizao_2019_03_C79 (90).jpeg
379,4,0,./data/Dataset/4/pcmom2_2021-08-26 (3).jpeg
380,6,0,./data/Dataset/6/lambida12-copia-de-out84.jpeg
381,6,0,./data/Dataset/6/lambida2-copia-de-out1275.jpeg
382,5,0,./data/Dataset/5/manco13-copia-de-out2381.jpeg
383,6,0,./data/Dataset/6/lambida6-copia-de-out2287.jpeg
384,6,0,./data/Dataset/6/lambida11-copia-de-out16964.jpeg
385,0,0,./data/Dataset/0/bolota_2017_04_C32 (29).jpeg
386,0,0,./data/Dataset/0/bolota_2017_04_C32 (27).jpeg
387,5,0,./data/Dataset/5/manco14-copia-de-out3430.jpeg
388,5,0,./data/Dataset/5/manco13-copia-de-out2387.jpeg
389,6,0,./data/Dataset/6/lambida7-copia-de-out3937.jpeg
390,5,0,./data/Dataset/5/manco10-copia-de-out2863.jpeg
391,1,0,./data/Dataset/1/guizao_2019_03_C79 (98).jpeg
392,6,0,./data/Dataset/6/lambida13-copia-de-out108.jpeg
393,2,0,./data/Dataset/2/j6-mom_2021-04-03 (2).jpeg
394,6,0,./data/Dataset/6/lambida11-copia-de-out16945.jpeg
395,6,0,./data/Dataset/6/lambida7-copia-de-out3925.jpeg
396,4,0,./data/Dataset/4/pcmom2_2022-09-12 (2).jpeg
397,6,0,./data/Dataset/6/lambida9-copia-de-out10.jpeg
398,3,0,./data/Dataset/3/paola_2021-04-03 (2).jpeg
399,0,0,./data/Dataset/0/bolota_2017_06_C33 (1).jpeg
400,1,0,./data/Dataset/1/guizao_2019_03_C79 (66).jpeg
401,5,0,./data/Dataset/5/manco11-copia-de-out3094.jpeg
402,5,0,./data/Dataset/5/manco10-copia-de-out2843.jpeg
403,5,0,./data/Dataset/5/manco5-copia-de-out1105.jpeg
404,5,0,./data/Dataset/5/manco9-copia-de-out2450.jpeg
405,5,0,./data/Dataset/5/manco10-copia-de-out2861.jpeg
406,6,0,./data/Dataset/6/lambida5-copia-de-out2263.jpeg
407,3,0,./data/Dataset/3/paola_2021-04-01 (5).jpeg
408,6,0,./data/Dataset/6/lambida5-copia-de-out2267.jpeg
409,4,0,./data/Dataset/4/pcmom2_2021-08-26 (2).jpeg
410,1,0,./data/Dataset/1/guizao_2019_05_C87 (20).jpeg
411,6,0,./data/Dataset/6/lambida5-copia-de-out2269.jpeg
412,5,0,./data/Dataset/5/manco6-copia-de-out1084.jpeg
413,3,0,./data/Dataset/3/paola_2021-04-01 (12).jpeg
414,1,0,./data/Dataset/1/guizao_2019_05_C87 (7).jpeg
415,5,0,./data/Dataset/5/manco14-copia-de-out3435.jpeg
416,1,0,./data/Dataset/1/guizao_2019_03_C79 (70).jpeg
417,5,0,./data/Dataset/5/manco10-copia-de-out2839.jpeg
418,1,0,./data/Dataset/1/guizao_2019_03_C79 (40).jpeg
419,1,0,./data/Dataset/1/guizao_2019_03_C79 (84).jpeg
420,2,0,./data/Dataset/2/j6-mom_2018-09-28 (37).jpeg
421,6,0,./data/Dataset/6/lambida12-copia-de-out87.jpeg
422,5,0,./data/Dataset/5/manco6-copia-de-out1089.jpeg
423,6,0,./data/Dataset/6/lambida9-copia-de-out7.jpeg
424,3,0,./data/Dataset/3/paola_2021-04-03 (7).jpeg
425,1,0,./data/Dataset/1/guizao_2019_03_C79 (74).jpeg
426,6,0,./data/Dataset/6/lambida11-copia-de-out16898.jpeg
427,0,0,./data/Dataset/0/bolota_2017_04_C32 (23).jpeg
428,0,0,./data/Dataset/0/bolota_2017_04_C31 (9).jpeg
429,5,0,./data/Dataset/5/manco9-copia-de-out2443.jpeg
430,4,0,./data/Dataset/4/pcmom2_2021-08-26 (10).jpeg
431,6,0,./data/Dataset/6/lambida11-copia-de-out16967.jpeg
432,4,0,./data/Dataset/4/pcmom2_2022-07-06 (9).jpeg
433,5,0,./data/Dataset/5/manco6-copia-de-out1088.jpeg
434,6,0,./data/Dataset/6/lambida8-copia-de-out4041.jpeg
435,6,0,./data/Dataset/6/lambida11-copia-de-out16979.jpeg
436,0,0,./data/Dataset/0/bolota_2017_04_C32 (3).jpeg
437,5,0,./data/Dataset/5/manco9-copia-de-out2446.jpeg
438,1,0,./data/Dataset/1/guizao_2019_03_C79 (14).jpeg
439,3,0,./data/Dataset/3/paola_2021-02-20 (4).jpeg
440,2,0,./data/Dataset/2/j6-mom_2018-09-28 (22).jpeg
441,5,0,./data/Dataset/5/manco4-copia-de-out24.jpeg
442,2,0,./data/Dataset/2/j6-mom_2021-04-03 (3).jpeg
443,3,0,./data/Dataset/3/paola_2021-02-20 (5).jpeg
444,6,0,./data/Dataset/6/lambida11-copia-de-out16913.jpeg
445,2,0,./data/Dataset/2/j6-mom_2018-09-28 (36).jpeg
446,6,0,./data/Dataset/6/lambida12-copia-de-out80.jpeg
447,5,0,./data/Dataset/5/manco14-copia-de-out3436.jpeg
448,2,0,./data/Dataset/2/j6-mom_2018-09-28 (11).jpeg
449,6,0,./data/Dataset/6/lambida12-copia-de-out81.jpeg
450,5,0,./data/Dataset/5/manco7-copia-de-out2347.jpeg
451,6,0,./data/Dataset/6/lambida13-copia-de-out103.jpeg
452,6,0,./data/Dataset/6/lambida11-copia-de-out16914.jpeg
453,5,0,./data/Dataset/5/manco11-copia-de-out3108.jpeg
454,1,0,./data/Dataset/1/guizao_2019_03_C79 (27).jpeg
455,6,0,./data/Dataset/6/lambida7-copia-de-out3938.jpeg
456,6,0,./data/Dataset/6/lambida8-copia-de-out4042.jpeg
457,5,0,./data/Dataset/5/manco11-copia-de-out3103.jpeg
458,6,0,./data/Dataset/6/lambida7-copia-de-out3944.jpeg
459,6,0,./data/Dataset/6/lambida7-copia-de-out3941.jpeg
460,2,0,./data/Dataset/2/j6-mom_2018-09-28 (41).jpeg
461,0,0,./data/Dataset/0/bolota_2017_04_C32 (13).jpeg
462,6,0,./data/Dataset/6/lambida13-copia-de-out119.jpeg
463,6,0,./data/Dataset/6/lambida5-copia-de-out2262.jpeg
464,5,0,./data/Dataset/5/manco5-copia-de-out1100.jpeg
465,6,0,./data/Dataset/6/lambida6-copia-de-out2290.jpeg
466,0,0,./data/Dataset/0/bolota_2017_04_C32 (2).jpeg
467,1,0,./data/Dataset/1/guizao_2019_03_C79 (8).jpeg
468,1,0,./data/Dataset/1/guizao_2019_05_C87 (6).jpeg
469,1,0,./data/Dataset/1/guizao_2019_05_C87 (19).jpeg
470,0,0,./data/Dataset/0/bolota_2017_04_C32 (17).jpeg
471,6,0,./data/Dataset/6/lambida11-copia-de-out16970.jpeg
472,2,0,./data/Dataset/2/j6-mom_2018-09-28 (30).jpeg
473,5,0,./data/Dataset/5/manco10-copia-de-out2854.jpeg
474,6,0,./data/Dataset/6/lambida10-copia-de-out39.jpeg
475,6,0,./data/Dataset/6/lambida11-copia-de-out16906.jpeg
476,1,0,./data/Dataset/1/guizao_2019_03_C79 (52).jpeg
477,5,0,./data/Dataset/5/manco5-copia-de-out1106.jpeg
478,1,0,./data/Dataset/1/guizao_2019_03_C79 (18).jpeg
479,1,0,./data/Dataset/1/guizao_2019_05_C87 (10).jpeg
480,6,0,./data/Dataset/6/lambida11-copia-de-out16907.jpeg
481,6,0,./data/Dataset/6/lambida1-copia-de-out1269.jpeg
482,6,0,./data/Dataset/6/lambida4-copia-de-out1325.jpeg
483,0,0,./data/Dataset/0/bolota_2017_04_C32 (25).jpeg
484,6,0,./data/Dataset/6/lambida8-copia-de-out4022.jpeg
485,5,0,./data/Dataset/5/manco11-copia-de-out3104.jpeg
486,4,0,./data/Dataset/4/pcmom2_2022-07-06 (3).jpeg
487,5,0,./data/Dataset/5/manco8-copia-de-out2380.jpeg
488,6,0,./data/Dataset/6/lambida7-copia-de-out3920.jpeg
489,5,0,./data/Dataset/5/manco14-copia-de-out3457.jpeg
490,6,0,./data/Dataset/6/lambida8-copia-de-out4028.jpeg
491,5,0,./data/Dataset/5/manco11-copia-de-out3110.jpeg
492,4,0,./data/Dataset/4/pcmom2_2022-03-30 (16).jpeg
493,6,0,./data/Dataset/6/lambida11-copia-de-out16968.jpeg
